Timestamp,CPU_Usage(%),Memory_Usage(%),Net_Sent(Bytes),Net_Recv(Bytes),Disk_Read(Bytes),Disk_Write(Bytes),Battery_Percent
13:33:13,0.0,71.8,0,0,0,0,48
13:33:18,28.2,72.1,26728448,76331008,2301952,1974272,48
13:33:23,26.2,71.4,26428416,75364352,540672,344064,48
13:33:28,28.9,71.9,25711616,73205760,2154496,5951488,48
13:33:33,29.2,72.8,25261056,74415104,4263936,1794048,48
13:33:38,29.2,72.7,28253184,78846976,3239936,2666496,48
13:33:43,27.3,72.1,28494848,81499136,643072,1495040,48
13:33:48,33.3,75.6,23578624,67428352,5214208,3780608,48
13:33:53,30.7,76.1,24348672,69464064,10485760,6737920,48
13:33:58,27.8,75.3,23912448,68838400,4939776,7094272,48
13:34:03,25.7,76.0,21099520,60868608,11530240,1314816,48
13:34:08,23.4,74.8,20594688,59139072,10944512,2752512,48
13:34:13,20.6,73.5,20130816,57695232,1978368,1519616,48
13:34:18,29.3,78.8,5578752,15758336,864256,2560000,48
13:34:23,26.2,75.2,31744,35840,53620736,1753088,48
13:34:28,22.6,74.1,61440,72704,55123968,6111232,48
13:34:33,30.9,74.1,481280,576512,29999104,3682304,48
13:34:38,27.0,73.5,109568,113664,6504448,3321856,48
13:34:43,20.2,73.4,101376,94208,6844416,2043904,48
13:34:48,20.3,73.8,46080,44032,782336,2228224,48
13:34:53,17.7,73.8,26624,20480,1724416,1667072,48
13:34:58,21.1,73.2,58368,68608,4153344,4034560,48
13:35:03,20.2,73.2,41984,47104,9011200,1998848,48
13:35:08,20.3,73.7,44032,40960,3493888,1564672,48
13:35:13,19.4,71.9,26624,19456,4141056,2433024,48
13:35:18,24.4,72.5,19456,17408,393216,978944,48
13:35:23,20.0,73.4,9216,8192,2818048,1589248,48
13:35:28,22.3,73.9,33792,29696,3190784,5672960,48
13:35:33,35.9,77.2,434176,522240,122671104,3518464,48
13:35:38,48.8,78.9,78848,77824,206282752,9961472,48
13:35:43,28.6,77.7,70656,54272,87040000,8478720,48
13:35:48,23.6,78.0,14336,13312,15482880,4579328,48
13:35:53,21.5,77.4,54272,19456,35500032,3145728,48
13:35:58,22.8,77.0,35840,20480,8306688,7954432,48
13:36:03,21.4,77.0,53248,77824,3469312,2945024,48
13:36:08,22.3,77.9,52224,45056,3526656,1585152,48
13:36:13,26.7,77.9,61440,50176,64241664,1347584,48
13:36:18,34.7,83.3,33792,34816,11366400,98979840,48
13:36:23,43.6,72.2,3804160,7434240,12750848,96731136,48
13:36:28,47.9,79.9,2601984,4983808,130506752,372457472,48
13:36:33,72.3,77.3,414720,521216,165621760,763543552,48
13:36:38,39.1,53.6,73728,72704,196075520,19034112,48
13:36:43,12.0,54.5,17408,11264,47538176,1101824,48
13:36:48,14.1,54.7,21504,15360,1392640,1007616,48
13:36:53,7.5,53.0,21504,10240,1490944,1130496,48
13:36:58,11.8,53.8,23552,23552,11784192,7192576,48
13:37:03,8.3,54.0,22528,21504,1720320,2785280,48
13:37:08,9.2,53.9,35840,29696,1007616,2048000,48
13:37:13,8.1,53.1,25600,16384,5758976,991232,48
13:37:18,10.9,54.1,12288,9216,2277376,1003520,48
13:37:23,8.3,54.1,32768,39936,1929216,974848,48
13:37:28,8.8,53.7,82944,67584,31940608,7041024,48
13:37:33,11.4,54.2,215040,286720,12918784,1331200,48
13:37:38,17.9,56.3,128000,121856,118706176,7217152,48
13:37:43,14.6,55.9,38912,24576,51433472,4227072,48
13:37:48,14.6,55.9,16384,14336,37486592,2256896,48
13:37:53,32.0,56.9,99328,106496,130334720,7000064,48
13:37:58,32.4,56.6,35840,26624,26976256,13606912,48
13:38:03,8.9,56.7,27648,23552,1417216,2473984,48
13:38:08,8.0,57.5,51200,62464,2113536,1757184,48
13:38:13,12.7,55.9,74752,68608,27385856,3735552,48
13:38:18,10.7,56.2,53248,27648,11939840,6008832,48
13:38:23,25.3,58.1,126976,98304,71053312,8912896,48
13:38:28,11.6,56.9,39936,23552,5189632,14929920,48
13:38:33,11.6,57.9,142336,180224,7315456,5431296,48
13:38:38,12.8,58.7,32768,29696,24678400,9605120,48
13:38:43,9.9,57.8,53248,19456,4186112,3723264,48
13:38:48,14.9,58.4,61440,24576,12394496,5570560,48
13:38:53,10.9,58.4,78848,53248,8114176,5820416,47
13:38:58,10.9,58.0,97280,115712,11563008,11165696,47
13:39:03,8.5,58.0,29696,36864,1122304,1060864,47
13:39:08,9.8,59.0,58368,40960,11849728,3293184,47
13:39:13,8.3,57.7,4561920,14103552,962560,0,47
13:39:18,17.9,57.7,18108416,50970624,925696,2879488,47
13:39:23,18.1,58.3,15830016,45213696,1888256,1654784,47
13:39:28,18.6,57.8,13424640,38517760,1875968,8032256,47
13:39:33,20.9,58.8,10807296,30123008,59445248,1146880,47
13:39:38,21.0,59.8,12716032,35982336,1101824,3805184,47
13:39:43,19.2,58.7,15256576,44101632,397312,1056768,47
13:39:48,19.0,59.0,17504256,49675264,348160,1757184,47
13:39:53,19.8,59.5,17319936,49478656,2637824,983040,47
13:39:58,22.9,58.9,21633024,61643776,5836800,6246400,47
13:40:03,21.0,59.1,16030720,45569024,4231168,1884160,47
13:40:08,20.9,60.5,15979520,45611008,1839104,987136,47
13:40:13,30.2,58.8,24644608,70372352,3829760,1019904,47
13:40:18,27.4,59.0,29778944,84848640,520192,974848,47
13:40:23,30.8,60.2,31538176,89683968,20279296,2666496,47
13:40:28,25.4,63.2,25391104,71963648,4132864,7213056,47
13:40:33,37.4,62.1,27745280,78429184,27643904,3895296,47
13:40:38,36.8,61.7,31586304,89736192,10772480,5447680,47
13:40:43,38.4,60.0,27973632,79058944,10125312,2846720,47
13:40:48,36.5,60.6,22549504,64248832,56565760,13946880,47
13:40:53,28.9,61.5,22902784,65207296,57421824,52645888,47
13:40:58,26.5,60.8,23890944,67832832,5640192,13185024,47
13:41:03,24.0,60.8,25166848,71714816,589824,1437696,47
13:41:08,27.9,61.5,30481408,86550528,2744320,1810432,47
13:41:13,25.3,60.9,29292544,83436544,2629632,1048576,47
13:41:18,24.5,60.7,24409088,69964800,2179072,1155072,47
13:41:23,25.4,61.7,26689536,76318720,6406144,1130496,47
13:41:28,27.8,62.8,25734144,73391104,70909952,5447680,47
13:41:33,26.0,62.9,24604672,70067200,5799936,1331200,47
13:41:38,22.1,63.7,19388416,55171072,1294336,3051520,47
13:41:43,25.0,63.2,20560896,58685440,2207744,2592768,47
13:41:48,19.3,63.1,16562176,47431680,208896,1105920,47
13:41:53,20.9,63.8,19063808,54555648,917504,974848,47
13:41:58,20.6,63.1,17574912,49947648,880640,4403200,47
13:42:03,23.9,63.3,22742016,65037312,6381568,1368064,47
13:42:08,23.9,64.1,24296448,69454848,2367488,1179648,47
13:42:13,23.3,62.5,27148288,77744128,5640192,995328,47
13:42:18,27.6,62.6,28378112,81033216,4096000,1433600,46
13:42:23,23.8,63.5,25968640,74039296,1130496,315392,46
13:42:28,24.8,62.9,27714560,79435776,1589248,6615040,46
13:42:33,27.1,64.2,26767360,76201984,17809408,3637248,46
13:42:38,25.4,68.4,22218752,63341568,405504,1482752,46
13:42:43,49.5,57.5,24576,21504,11616256,4440064,46
13:42:48,42.8,55.9,22528,18432,4550656,1966080,46
13:42:53,8.5,56.6,36864,31744,5263360,2039808,46
13:42:58,12.4,56.0,66560,119808,4710400,10870784,46
13:43:03,8.6,55.8,53248,60416,2637824,1343488,46
13:43:08,9.1,56.9,89088,67584,2039808,1077248,46
13:43:13,8.0,55.1,30720,29696,942080,1007616,46
13:43:18,19.8,54.6,18404352,52564992,413696,1003520,46
13:43:23,22.6,55.6,22529024,64214016,1835008,974848,46
13:43:28,21.5,55.1,18304000,52220928,1626112,7868416,46
13:43:33,23.3,55.6,18659328,52845568,5996544,1146880,46
13:43:38,23.4,56.5,22897664,65470464,1802240,1871872,46
13:43:43,23.0,56.1,16778240,47911936,7725056,3018752,46
13:43:48,20.1,55.9,18123776,51459072,1589248,1089536,46
13:43:53,21.0,56.9,18564096,52984832,573440,1818624,46
13:43:58,20.3,56.5,17736704,50539520,3997696,6856704,46
13:44:03,22.9,56.1,19996672,57046016,1327104,2019328,46
13:44:08,18.3,57.0,14073856,40336384,3174400,1032192,46
13:44:13,15.7,56.0,12418048,35535872,761856,585728,46
13:44:18,18.6,55.5,15001600,42848256,81920,1323008,46
13:44:23,21.6,56.5,18186240,51926016,3985408,974848,46
13:44:28,26.3,56.4,20172800,57676800,8269824,8953856,46
13:44:33,27.8,58.6,19952640,56360960,19267584,1654784,46
13:44:38,28.5,58.4,21968896,62217216,17489920,3067904,46
13:44:43,23.2,58.9,9814016,27847680,3289088,3330048,46
13:44:48,25.7,57.8,18584576,52526080,4427776,2244608,46
13:44:53,24.2,58.7,17040384,48497664,868352,2605056,46
13:44:58,19.3,57.7,14528512,41391104,2969600,6365184,46
13:45:03,21.6,59.7,21283840,61165568,4386816,2146304,46
13:45:08,32.7,60.4,26708992,76026880,15458304,2142208,46
13:45:13,22.6,63.3,20502528,58549248,483328,1957888,46
13:45:18,24.2,59.6,19487744,55711744,7491584,2228224,46
13:45:23,21.2,59.8,14621696,41800704,18616320,9482240,46
13:45:28,23.1,60.7,18922496,53692416,26849280,5230592,46
13:45:33,30.3,60.3,16572416,46884864,24440832,2760704,46
13:45:38,31.3,61.4,25910272,74339328,10342400,1208320,46
13:45:43,35.4,62.4,33313792,94948352,152342528,4968448,46
13:45:48,30.0,60.8,31020032,88130560,47554560,3002368,46
13:45:53,26.2,63.7,29132800,83316736,10362880,6225920,46
13:45:58,32.5,61.6,42440704,120864768,2064384,2117632,46
13:46:04,30.0,60.3,37911552,108412928,774144,1773568,46
13:46:09,27.7,61.5,30649344,87419904,282624,1482752,46
13:46:14,27.0,61.3,28555264,81456128,1986560,1003520,46
13:46:19,35.3,60.7,27250688,77703168,5824512,2650112,46
13:46:24,33.0,62.1,28088320,80119808,27037696,6012928,46
13:46:29,29.8,61.9,23631872,67432448,21569536,3698688,46
13:46:34,24.4,61.1,23214080,65753088,1896448,1138688,46
13:46:39,25.5,61.3,22880256,65473536,856064,1593344,46
13:46:44,27.0,61.3,20398080,57883648,2764800,2486272,45
13:46:49,30.4,61.5,21903360,62400512,4198400,5976064,45
13:46:54,30.9,62.1,22958080,65497088,3276800,7716864,45
13:46:59,35.0,63.2,23275520,66861056,33538048,1294336,45
13:47:04,24.5,62.0,24115200,68622336,1015808,1126400,45
13:47:09,31.7,63.5,23675904,67628032,31387648,2064384,45
13:47:14,23.4,62.2,19731456,56019968,28684288,1404928,45
13:47:19,23.5,62.6,20177920,57544704,6914048,1085440,45
13:47:24,29.4,60.8,38551552,109356032,4882432,9183232,45
13:47:29,32.6,61.1,41638912,118328320,2498560,1908736,45
13:47:34,33.8,62.0,38793216,109868032,4243456,3162112,45
13:47:39,27.3,62.3,30012416,85301248,4734976,5365760,45
13:47:44,29.5,63.2,22079488,62978048,21876736,4079616,45
13:47:49,31.3,63.1,36505600,104145920,33845248,2785280,45
13:47:54,35.5,64.2,39192576,111444992,31625216,10629120,45
13:47:59,28.0,63.5,33569792,94971904,3784704,3567616,45
13:48:04,28.6,62.9,37003264,104841216,11665408,1937408,45
13:48:09,25.9,63.3,27954176,79775744,135168,2621440,45
13:48:14,28.0,64.6,25446400,72400896,2068480,3739648,45
13:48:19,30.9,64.4,27252736,77531136,25042944,4943872,45
13:48:24,36.6,63.8,28078080,79677440,10137600,10440704,45
13:48:29,38.5,64.6,43339776,123570176,22822912,4399104,45
13:48:34,35.2,64.5,39020544,110456832,28930048,6541312,45
13:48:39,30.2,66.9,25637888,72910848,1998848,2752512,45
13:48:44,31.9,64.6,26438656,74864640,5283840,2789376,45
13:48:49,26.8,65.4,28093440,79378432,24731648,4718592,45
13:48:54,27.4,64.8,29265920,83358720,4747264,8691712,45
13:48:59,26.1,64.7,29568000,83756032,208896,974848,45
13:49:04,27.4,65.7,29561856,84253696,3723264,3235840,45
13:49:09,26.2,65.1,29496320,83829760,2682880,1441792,45
13:49:14,32.2,65.8,28918784,71467008,2572288,2195456,45
13:49:19,27.8,65.5,27766784,79438848,4501504,1597440,45
13:49:24,31.2,70.0,25181184,71869440,9555968,9404416,45
13:49:29,42.7,69.0,5250048,14656512,31334400,3584000,45
13:49:34,31.0,71.9,425984,507904,6762496,1560576,44
13:49:39,20.7,72.0,76800,63488,7688192,11014144,44
13:49:44,20.8,72.3,83968,79872,2072576,3416064,44
13:49:49,22.9,72.2,124928,99328,102400,2093056,44
13:49:54,24.4,72.0,112640,102400,581632,6266880,44
13:49:59,25.1,71.8,97280,94208,335872,1413120,44
13:50:04,19.7,71.9,25600,19456,970752,1118208,44
13:50:09,18.9,71.9,53248,36864,622592,1449984,44
13:50:14,18.4,71.7,38912,13312,499712,1814528,44
13:50:19,18.0,71.5,19456,10240,483328,1286144,44
13:50:24,18.3,71.6,15360,15360,704512,5419008,44
13:50:29,17.9,71.2,105472,130048,12390400,2195456,44
13:50:34,22.3,71.4,333824,389120,3923968,5373952,44
13:50:39,20.5,71.5,56320,28672,4206592,8929280,44
13:50:44,21.2,71.1,187392,242688,20025344,1953792,44
13:50:49,21.0,71.0,94208,97280,13860864,2846720,44
13:50:54,21.2,71.1,45056,44032,4591616,5427200,44
13:50:59,18.5,71.2,19456,16384,1032192,1159168,44
13:51:04,18.1,71.4,23552,21504,319488,2031616,44
13:51:09,18.0,71.3,37888,22528,1515520,2584576,44
13:51:14,18.2,71.9,34816,22528,2793472,1441792,44
13:51:19,19.2,72.6,15360,12288,479232,1105920,44
13:51:24,20.3,73.7,32768,18432,1355776,5517312,44
13:51:29,33.1,75.1,36864,33792,4640768,3305472,44
13:51:34,46.7,73.5,264192,396288,25120768,2519040,44
13:51:39,37.9,77.7,16384,14336,23560192,1515520,44
13:51:44,47.5,56.9,75776,67584,49745920,209235968,44
13:51:49,9.0,57.3,27648,31744,15917056,2666496,44
13:51:54,18.7,59.4,72704,83968,44224512,7233536,44
13:51:59,9.5,58.7,14336,11264,24231936,1007616,44
13:52:04,6.0,58.6,62464,31744,1474560,1839104,44
13:52:09,8.9,58.7,51200,25600,13889536,1003520,44
13:52:14,11.9,59.3,8192,7168,1769472,1056768,44
13:52:19,14.1,59.1,29696,23552,3903488,1802240,44
13:52:24,21.4,59.8,73728,59392,63938560,9076736,44
13:52:29,18.1,59.5,117760,133120,25739264,2265088,44
13:52:34,14.2,59.0,133120,168960,40325120,2203648,44
13:52:39,13.3,59.5,252928,270336,14766080,3190784,44
13:52:44,9.0,59.3,89088,437248,6733824,1015808,44
13:52:49,8.9,58.5,28672,31744,1515520,2740224,44
13:52:54,8.7,58.1,103424,118784,2510848,6225920,44
13:52:59,12.7,59.5,99328,98304,1544192,3149824,44
13:53:04,10.7,59.1,57344,55296,2211840,2088960,44
13:53:09,10.7,58.8,52224,17408,1941504,1007616,44
13:53:14,7.0,58.9,9216,9216,1064960,1499136,44
13:53:19,5.2,58.3,21504,14336,131072,974848,44
13:53:24,10.5,59.6,16384,13312,1753088,5877760,44
13:53:29,12.6,59.1,67584,93184,2318336,1220608,44
13:53:34,14.5,59.5,96256,124928,10932224,1163264,44
13:53:39,10.3,59.2,36864,11264,708608,2605056,43
13:53:44,11.0,58.8,26624,32768,126976,1024000,43
13:53:49,11.5,58.6,34816,40960,237568,2494464,43
13:53:54,11.0,58.9,49152,66560,540672,5115904,43
13:53:59,12.7,59.0,23552,18432,1499136,1327104,43
13:54:04,10.8,58.9,15360,13312,2727936,1130496,43
13:54:09,11.4,58.5,12288,9216,995328,991232,43
13:54:14,9.4,58.7,31744,9216,495616,1003520,43
13:54:19,15.7,62.1,49152,37888,14995456,1998848,43
13:54:24,14.1,60.9,1112064,3197952,1671168,7737344,43
13:54:29,29.2,61.3,24683520,69583872,5173248,5709824,43
13:54:34,26.8,60.9,25388032,71864320,2695168,811008,43
13:54:39,25.8,61.0,23118848,65666048,565248,2338816,43
13:54:44,27.4,61.2,22759424,64313344,6778880,1032192,43
13:54:49,28.3,60.6,20329472,57605120,2142208,5160960,43
13:54:54,27.1,60.3,23781376,67702784,4571136,6946816,43
13:54:59,26.8,60.9,24382464,69689344,970752,1683456,43
13:55:04,37.8,67.0,25655296,72683520,53981184,4747264,43
13:55:09,29.3,64.0,27113472,76573696,6447104,3559424,43
13:55:14,23.7,63.3,28042240,79585280,1671168,2555904,43
13:55:19,23.5,62.8,29838336,84422656,393216,1130496,43
13:55:24,22.5,63.0,27726848,78338048,983040,8962048,43
13:55:29,26.1,63.2,31030272,87495680,1384448,1130496,43
13:55:34,25.8,63.4,31659008,89142272,7827456,1748992,43
13:55:39,31.0,64.9,30397440,86317056,328974336,62271488,43
13:55:44,24.9,64.7,31429632,88686592,1159168,286720,43
13:55:49,29.8,64.8,34629632,98342912,2625536,3264512,43
13:55:54,25.1,65.0,32294912,91409408,479232,6307840,43
13:55:59,28.3,64.8,35288064,100260864,1105920,1310720,43
13:56:04,28.3,64.8,30614528,87184384,3825664,2236416,43
13:56:09,28.2,65.0,31624192,90161152,3096576,3170304,43
13:56:14,27.4,65.4,35690496,101620736,1552384,1998848,43
13:56:19,28.1,64.2,38337536,109085696,204800,1142784,43
13:56:24,24.5,64.0,35348480,101196800,212992,5947392,43
13:56:29,27.6,64.6,35627008,102667264,2478080,974848,43
13:56:34,29.6,64.8,36107264,103263232,1564672,1687552,43
13:56:39,24.7,64.7,29549568,82462720,827392,2527232,43
13:56:44,24.0,64.8,29998080,85372928,380928,2097152,43
13:56:49,26.1,64.3,28516352,81623040,1998848,2699264,43
13:56:54,27.3,63.7,34106368,97284096,671744,4694016,43
13:56:59,27.5,64.9,33878016,96994304,4534272,1527808,43
13:57:04,38.2,60.4,4160512,11846656,7847936,442368,43
13:57:09,54.3,56.5,33792,22528,4648960,2035712,43
13:57:14,6.5,57.0,14336,12288,3063808,983040,42
13:57:19,5.2,56.1,40960,12288,802816,974848,42
13:57:24,6.9,55.7,14336,14336,2564096,5865472,42
13:57:29,5.6,56.4,113664,103424,1708032,974848,42
13:57:34,11.8,56.6,142336,179200,4128768,1884160,42
13:57:39,6.7,56.8,4200448,12041216,528384,2809856,42
13:57:44,26.3,56.9,31476736,93579264,499712,1437696,42
13:57:49,29.0,56.6,30542848,87447552,1900544,2465792,42
13:57:54,25.3,56.2,30583808,86989824,606208,5582848,42
13:57:59,27.3,56.2,32258048,91576320,634880,1761280,42
13:58:04,25.1,57.0,29606912,84764672,495616,1740800,42
13:58:09,25.2,57.0,30303232,86531072,1126400,2568192,42
13:58:14,24.1,57.0,30349312,87089152,122880,2285568,42
13:58:19,23.9,56.7,30588928,86822912,1327104,1298432,42
13:58:24,24.2,56.3,28567552,81995776,229376,3567616,42
13:58:29,27.3,56.6,31433728,89734144,3145728,1003520,42
13:58:34,27.0,56.9,34492416,98213888,348160,1052672,42
13:58:39,25.5,57.4,32363520,91855872,331776,1134592,42
13:58:44,23.2,57.2,25917440,74274816,1490944,2711552,42
13:58:49,24.7,56.8,24650752,70892544,106496,2564096,42
13:58:54,22.7,56.4,25829376,73763840,15286272,4517888,42
13:58:59,23.6,56.4,25884672,74472448,278528,1712128,42
13:59:04,22.8,57.2,25909248,74689536,499712,1994752,42
13:59:09,26.0,57.4,30711808,88198144,704512,1056768,42
13:59:14,27.3,57.5,29764608,86241280,10072064,4419584,42
13:59:19,25.3,57.1,30641152,87048192,32768,1478656,42
13:59:24,23.4,56.8,28471296,81460224,3481600,5152768,42
13:59:29,26.7,57.5,29017088,82984960,1400832,974848,42
13:59:34,26.5,57.8,29734912,84529152,212992,1253376,42
13:59:39,24.8,57.8,28980224,82715648,0,974848,42
13:59:44,23.5,57.8,27693056,79170560,8192,1085440,42
13:59:49,28.6,57.9,38684672,110392320,147456,3547136,42
13:59:54,32.1,58.2,42797056,122112000,25071616,4227072,42
13:59:59,48.9,58.1,36851712,105974784,34062336,385024,42
14:00:04,37.3,59.3,37277696,106384384,3137536,1081344,42
14:00:09,28.8,59.3,36052992,102603776,1421312,1093632,42
14:00:14,26.7,59.3,32891904,94045184,241664,987136,42
14:00:19,24.7,58.8,29562880,84629504,139264,974848,42
14:00:24,24.7,58.7,30830592,87994368,131072,5685248,42
14:00:29,29.2,59.6,33561600,94724096,786432,1576960,42
14:00:34,28.4,59.7,31171584,88173568,2977792,1593344,42
14:00:39,24.5,59.9,28327936,80796672,1265664,2158592,42
14:00:44,23.9,60.0,28678144,81310720,262144,1261568,42
14:00:49,24.8,60.0,29104128,83028992,32768,974848,42
14:00:54,26.8,59.9,28484608,81363968,196608,6664192,42
14:00:59,25.2,59.4,30065664,85561344,114688,1548288,42
14:01:04,24.8,60.3,30456832,86533120,7483392,1110016,42
14:01:09,24.0,60.4,31495168,89112576,442368,1990656,42
14:01:14,26.3,60.6,31511552,89546752,720896,65536,42
14:01:19,25.7,60.0,30540800,87306240,0,1679360,42
14:01:24,26.6,60.1,32599040,92661760,229376,4341760,42
14:01:30,29.4,60.8,32136192,90108928,1196032,978944,42
14:01:35,29.5,60.8,32166912,90917888,1400832,1372160,42
14:01:40,29.6,60.9,41307136,117451776,0,1896448,42
14:01:45,29.1,61.4,38600704,110517248,737280,1056768,41
14:01:50,26.1,61.5,32713728,92548096,131072,974848,41
14:01:55,27.0,61.2,30962688,88316928,417792,6176768,41
14:02:00,25.9,60.5,30409728,86934528,139264,1003520,41
14:02:05,25.3,61.2,31561728,90397696,1105920,1089536,41
14:02:10,23.9,61.2,29642752,84673536,143360,1785856,41
14:02:15,24.2,60.9,28674048,81682432,327680,1011712,41
14:02:20,24.6,60.4,23597056,67793920,131072,1036288,41
14:02:25,21.3,60.2,21284864,60795904,176128,5300224,41
14:02:30,27.1,61.0,22191104,62898176,23265280,2629632,41
14:02:35,23.5,61.1,23103488,65533952,8060928,2859008,41
14:02:40,25.0,61.2,23234560,66204672,28151808,2449408,41
14:02:45,21.6,61.2,19382272,55595008,2285568,5046272,41
14:02:50,30.0,70.2,7454720,21319680,3407872,3493888,41
14:02:55,28.3,72.9,97280,76800,45846528,61501440,41
14:03:00,19.5,72.3,33792,33792,11673600,2088960,41
14:03:05,19.7,72.6,16384,15360,12681216,1867776,41
14:03:10,17.9,72.9,49152,12288,3665920,1101824,41
14:03:15,19.7,73.2,25600,31744,4767744,1744896,41
14:03:20,18.1,73.2,48128,58368,3735552,974848,41
14:03:25,36.5,74.3,76800,365568,93806592,11075584,41
14:03:30,24.6,73.6,151552,176128,4243456,2510848,41
14:03:35,31.4,73.9,164864,199680,62017536,20832256,41
14:03:40,19.4,73.9,32768,29696,4091904,2285568,41
14:03:45,18.8,73.4,8192,10240,3371008,2883584,41
14:03:50,18.8,73.6,11264,7168,7634944,1470464,41
14:03:55,19.4,73.6,17408,15360,7417856,6508544,41
14:04:00,18.3,73.2,24576,39936,4235264,3178496,41
14:04:05,18.2,73.1,34816,11264,7536640,1089536,41
14:04:10,20.0,73.6,15360,11264,1273856,3903488,41
14:04:15,18.3,73.2,6144,6144,524288,1515520,41
14:04:20,17.3,73.2,11264,7168,389120,1122304,41
14:04:25,17.7,72.9,14336,9216,696320,4370432,41
14:04:30,21.9,73.1,392192,515072,12308480,1159168,41
14:04:35,20.3,72.6,112640,140288,1114112,1474560,41
14:04:40,16.7,72.5,51200,22528,1249280,2793472,41
14:04:45,21.4,72.3,6144,4096,7806976,2342912,41
14:04:50,34.8,68.1,7168,6144,1392640,1511424,41
14:04:55,40.0,72.1,61440,36864,3821568,5816320,41
14:05:00,38.4,82.6,36864,38912,6258688,2596864,40
14:05:05,19.0,58.0,36864,21504,25092096,1495040,40
14:05:10,6.0,59.7,54272,18432,647168,1077248,40
14:05:15,5.0,59.8,8192,11264,364544,1576960,40
14:05:20,5.3,59.8,33792,26624,1777664,1101824,40
14:05:25,5.2,59.4,9216,9216,274432,4919296,40
14:05:30,9.4,59.4,366592,503808,15052800,2338816,40
14:05:35,8.1,59.4,61440,77824,782336,1396736,40
14:05:40,7.8,59.4,20480,16384,1466368,1994752,40
14:05:45,4.7,59.2,6144,4096,1167360,0,40
14:05:50,5.6,59.3,38912,13312,0,1101824,40
14:05:55,5.4,59.3,11264,10240,1589248,5632000,40
14:06:00,6.8,58.9,21504,14336,106496,1032192,40
14:06:05,5.4,58.7,10240,15360,364544,983040,40
14:06:10,5.6,59.5,13312,12288,544768,1519616,40
14:06:15,5.9,59.4,8192,6144,1011712,1961984,40
14:06:20,4.9,59.2,20480,11264,3899392,987136,40
14:06:25,5.3,59.0,10240,9216,704512,4739072,40
14:06:30,10.5,59.2,435200,536576,2682880,1425408,40
14:06:35,8.9,59.9,108544,126976,2629632,1216512,40
14:06:40,5.8,59.9,29696,31744,65536,1986560,40
14:06:45,5.4,59.5,5120,5120,786432,974848,40
14:06:50,5.0,59.4,13312,9216,0,1085440,40
14:06:55,5.1,59.4,22528,20480,294912,4632576,40
14:07:00,10.0,58.9,49152,37888,8241152,2465792,40
14:07:05,5.0,59.1,41984,12288,249856,729088,40
14:07:10,4.5,59.4,49152,20480,69632,389120,40
14:07:15,4.8,59.5,9216,6144,155648,1056768,40
14:07:20,5.1,59.4,13312,8192,233472,974848,40
14:07:25,5.2,59.5,46080,34816,765952,5521408,40
14:07:30,7.6,59.4,294912,306176,2379776,991232,40
14:07:35,6.6,59.5,72704,83968,3227648,2125824,40
14:07:40,7.6,59.2,6114304,17516544,389120,991232,40
14:07:45,19.4,59.2,20997120,60326912,471040,1982464,40
14:07:50,22.2,59.6,27397120,78693376,180224,1630208,40
14:07:55,27.9,59.7,34267136,97930240,655360,6983680,40
14:08:00,28.3,59.3,30866432,88920064,3178496,3239936,40
14:08:05,36.1,61.2,29918208,86909952,121044992,10977280,40
14:08:10,32.4,62.2,22636544,65143808,42119168,3461120,40
14:08:15,25.4,62.3,22125568,63425536,42610688,15314944,40
14:08:20,26.5,62.7,28563456,81861632,7790592,3248128,40
14:08:25,24.7,62.3,28564480,81642496,21037056,19836928,40
14:08:30,29.8,62.3,34001920,96054272,13586432,5885952,40
14:08:35,27.3,62.6,34294784,97854464,8306688,3923968,40
14:08:40,25.7,62.6,30896128,87528448,1142784,2920448,40
14:08:45,24.8,62.7,29003776,82509824,577536,2076672,40
14:08:50,26.7,62.8,30430208,87010304,155648,2342912,40
14:08:55,28.0,63.4,27905024,79338496,5328896,11182080,40
14:09:00,28.8,62.4,26761216,76000256,2359296,4882432,40
14:09:05,28.3,62.6,21867520,61978624,10452992,3219456,40
14:09:10,26.0,62.5,25650176,72682496,4648960,5984256,40
14:09:15,25.0,63.1,24133632,68599808,9191424,4194304,40
14:09:20,21.2,62.8,22833152,64859136,20480,1634304,40
14:09:25,22.0,62.8,25073664,71360512,151552,9101312,40
14:09:30,25.2,62.8,25443328,71849984,942080,1990656,40
14:09:35,23.5,62.8,24880128,70860800,299008,1925120,40
14:09:40,21.4,62.9,23478272,66795520,163840,974848,40
14:09:45,24.8,63.0,23510016,66679808,4870144,1019904,39
14:09:50,22.5,63.1,22411264,63503360,40960,1105920,39
14:09:55,20.8,63.1,20577280,58783744,290816,5685248,39
14:10:00,22.4,62.8,21516288,60605440,557056,3276800,39
14:10:05,22.3,62.7,23797760,67551232,204800,999424,39
14:10:10,25.3,62.4,32553984,92456960,421888,1003520,39
14:10:15,27.0,63.4,32090112,91004928,4202496,1114112,39
14:10:20,21.3,63.4,23101440,65665024,2760704,1085440,39
14:10:25,20.0,63.4,21230592,60375040,344064,4194304,39
14:10:30,24.3,63.4,24383488,68929536,1486848,1015808,39
14:10:35,25.8,63.5,28317696,80493568,880640,1388544,39
14:10:40,43.2,59.1,359424,915456,4546560,1667072,39
14:10:45,39.0,56.4,41984,59392,1556480,1925120,39
14:10:50,5.3,55.9,15360,8192,266240,2002944,39
14:10:56,6.4,56.5,16384,14336,593920,5054464,39
14:11:01,8.9,56.5,22528,33792,2039808,2646016,39
14:11:06,6.1,56.4,18432,9216,679936,1175552,39
14:11:11,5.2,55.8,3640320,10258432,28672,339968,39
14:11:16,26.1,56.5,30494720,86817792,2187264,1294336,39
14:11:21,25.0,56.5,31339520,89041920,4096,1118208,39
14:11:26,25.4,56.6,30898176,88269824,184320,5025792,39
14:11:31,29.5,56.8,32276480,90321920,2248704,1445888,39
14:11:36,27.1,56.9,31617024,89691136,770048,2035712,39
14:11:41,26.2,56.9,32989184,94050304,0,974848,39
14:11:46,28.8,58.7,29982720,85227520,112009216,4300800,39
14:11:51,23.5,58.2,22619136,64391168,2793472,1699840,39
14:11:56,22.7,58.5,23904256,68494336,6574080,7397376,39
14:12:01,25.7,58.1,25089024,71741440,352256,3502080,39
14:12:06,22.8,58.0,25314304,71928832,262144,1003520,39
14:12:11,21.5,57.2,25671680,73478144,131072,974848,39
14:12:16,24.6,58.4,27768832,79030272,593920,1077248,39
14:12:21,23.4,58.3,29280256,82819072,4096,1085440,39
14:12:26,22.1,58.4,27849728,79482880,217088,5414912,39
14:12:31,25.4,58.2,30839808,63137792,2674688,1236992,39
14:12:36,22.8,58.3,28813312,82138112,2236416,1753088,39
14:12:41,24.5,58.5,31051776,88411136,1372160,1744896,39
14:12:46,22.8,58.4,27040768,77146112,1601536,1753088,39
14:12:51,21.9,58.0,27028480,77010944,65536,1622016,39
14:12:56,23.8,58.9,29248512,82780160,307200,5967872,39
14:13:01,26.3,58.9,30971904,87913472,241664,3739648,39
14:13:06,22.8,58.9,28589056,81047552,606208,1699840,39
14:13:11,23.6,58.4,27619328,78292992,229376,1445888,39
14:13:16,24.3,59.1,28091392,79457280,4907008,2162688,39
14:13:21,23.0,59.4,27320320,77431808,65536,1073152,39
14:13:26,25.1,59.4,30662656,87258112,974848,4272128,39
14:13:31,26.7,59.3,30371840,86852608,819200,1138688,39
14:13:36,24.1,59.6,30219264,86092800,16384,1032192,39
14:13:41,24.8,59.3,29313024,83651584,0,974848,39
14:13:46,23.4,59.4,27969536,79533056,1310720,1732608,39
14:13:51,26.6,59.1,32476160,92753920,65536,1003520,38
14:13:56,25.0,59.9,31639552,90042368,262144,6864896,38
14:14:01,25.8,60.0,27885568,79414272,516096,2486272,38
14:14:06,23.9,60.4,28291072,80724992,27561984,679936,38
14:14:11,22.0,59.8,26756096,76177408,2490368,716800,38
14:14:16,25.7,61.7,28405760,80527360,100737024,1507328,38
14:14:21,23.8,61.4,27538432,78180352,1957888,1056768,38
14:14:26,26.6,61.4,33512448,94858240,688128,4808704,38
14:14:31,29.6,61.4,34438144,97397760,3850240,1130496,38
14:14:36,29.5,61.4,34839552,98869248,163840,2363392,38
14:14:41,27.3,61.5,34420736,97760256,98304,974848,38
14:14:46,25.8,61.5,32294912,91866112,114688,1003520,38
14:14:51,30.0,61.1,30251008,86438912,3612672,1421312,38
14:14:56,25.9,61.8,29382656,83328000,3489792,6082560,38
14:15:01,25.3,61.8,23786496,67453952,200704,2469888,38
14:15:06,25.1,62.1,32108544,91355136,6991872,1474560,38
14:15:11,62.0,72.9,38443008,110199808,177352704,2568192,38
14:15:16,37.6,72.5,38247424,109158400,8249344,3231744,38
14:15:21,43.6,73.1,34731008,99167232,11640832,4001792,38
14:15:26,42.4,73.2,34824192,99125248,16658432,10104832,38
14:15:31,39.8,73.8,34597888,98204672,25853952,3395584,38
14:15:36,35.0,73.5,36296704,103303168,12779520,1605632,38
14:15:41,32.5,73.6,33993728,67473408,8597504,1683456,38
14:15:46,31.7,73.0,29338624,83934208,12488704,634880,38
14:15:51,31.4,72.0,29478912,84470784,16592896,1609728,38
14:15:56,31.4,72.5,32445440,92440576,10321920,5427200,38
14:16:01,35.1,72.9,35678208,101620736,13471744,1708032,38
14:16:06,31.6,72.8,30899200,87902208,8953856,2248704,38
14:16:11,33.0,72.5,36440064,104001536,9154560,1126400,38
14:16:16,31.7,72.4,32916480,93341696,10833920,1675264,38
14:16:21,39.0,74.5,3815424,10707968,11042816,37158912,38
14:16:26,30.6,75.0,34816,8192,76775424,458117120,38
14:16:31,33.7,74.7,474112,654336,31035392,1069056,38
14:16:36,25.4,75.2,54272,69632,9699328,1187840,37
14:16:41,25.2,74.6,32768,38912,6918144,3399680,37
14:16:46,25.0,74.2,21504,8192,10027008,1978368,37
14:16:51,23.7,73.4,22528,10240,3813376,1728512,37
14:16:56,27.0,72.9,15360,12288,8646656,4689920,37
14:17:01,29.0,72.5,23552,20480,10178560,2023424,37
14:17:06,24.5,72.3,20480,11264,1724416,2043904,37
14:17:11,24.6,72.0,45056,13312,1601536,712704,37
14:17:16,24.9,71.8,14336,15360,2068480,1863680,37
14:17:21,24.4,72.0,33792,34816,2486272,1695744,37
14:17:26,25.0,71.9,31744,29696,5427200,5169152,37
14:17:31,27.7,71.9,214016,277504,11202560,1204224,37
14:17:36,26.3,72.4,69632,59392,11026432,1912832,37
14:17:41,25.0,73.3,25600,30720,5005312,1646592,37
14:17:46,24.8,73.1,39936,40960,11075584,1880064,37
14:17:51,24.0,72.8,24576,25600,8912896,1638400,37
14:17:56,27.3,73.6,80896,106496,23322624,5681152,37
14:18:01,28.1,76.1,20480,22528,10948608,1953792,37
14:18:06,27.9,76.0,6144,4096,14819328,3723264,37
14:18:11,24.1,75.4,7168,6144,10854400,1069056,37
14:18:16,23.8,75.4,28672,7168,10276864,1241088,37
14:18:21,46.4,72.5,17408,14336,24215552,1589248,37
14:18:26,53.6,79.7,10240,7168,81182720,5943296,37
14:18:31,46.0,79.8,166912,212992,45273088,732512256,37
14:18:36,42.0,58.5,20480,22528,41562112,1216512,37
14:18:41,12.7,58.4,16384,13312,15192064,1040384,37
14:18:46,12.9,58.1,33792,12288,8826880,3702784,37
14:18:51,15.3,57.5,15360,13312,39268352,1822720,37
14:18:56,12.8,57.5,18432,12288,6459392,4972544,37
14:19:01,18.0,58.3,14336,13312,15904768,1937408,37
14:19:06,17.6,58.2,72704,41984,8396800,4382720,37
14:19:11,13.4,57.4,56320,26624,4993024,978944,37
14:19:16,20.8,57.8,55296,60416,56979456,4071424,37
14:19:21,49.7,59.2,8192,5120,84013056,2338816,37
14:19:26,23.1,59.2,10240,5120,4112384,8228864,37
14:19:31,19.4,59.0,378880,514048,30302208,1081344,37
14:19:36,16.3,58.9,63488,62464,5001216,1196032,37
14:19:41,15.1,58.9,36864,18432,4083712,1036288,36
14:19:46,12.7,58.6,21504,13312,3018752,2887680,36
14:19:51,12.0,57.9,34816,10240,3850240,1548288,36
14:19:56,13.2,58.1,35840,23552,5447680,4870144,36
14:20:01,15.9,59.9,39936,41984,121073664,1466368,36
14:20:06,17.6,59.5,7168,7168,6770688,2424832,36
14:20:11,11.8,59.1,6144,6144,9531392,57344,36
14:20:16,12.1,59.1,10240,10240,10346496,974848,36
14:20:21,12.9,58.8,22528,15360,16302080,1056768,36
14:20:26,13.9,59.5,23552,16384,13455360,7720960,36
14:20:32,17.4,59.9,373760,468992,16887808,2146304,36
14:20:37,14.5,59.9,45056,41984,9805824,1323008,36
14:20:42,17.0,59.9,15360,6144,14819328,1028096,36
14:20:47,13.5,59.6,9216,8192,10342400,978944,36
14:20:52,13.1,59.2,21504,10240,8798208,1159168,36
14:20:57,13.8,59.2,51200,37888,8916992,7417856,36
14:21:02,15.1,60.3,22528,7168,8650752,1118208,36
14:21:07,14.6,60.2,18432,9216,6619136,2482176,36
14:21:12,15.3,60.1,5819392,16699392,4079616,1650688,36
14:21:17,30.0,59.8,26002432,74547200,3096576,1003520,36
14:21:22,31.2,59.7,30855168,88768512,2015232,1794048,36
14:21:27,32.1,60.1,3868672,61705216,1531904,5791744,36
14:21:32,38.2,60.4,34583552,98700288,5419008,1163264,36
14:21:37,34.5,60.6,36532224,104654848,3133440,1241088,36
14:21:42,33.3,60.7,39632896,113510400,2322432,1736704,36
14:21:47,32.7,60.7,37726208,107435008,1040384,1155072,36
14:21:52,32.2,60.4,34972672,99815424,1130496,974848,36
14:21:57,33.3,60.2,31848448,91238400,3866624,5296128,36
14:22:02,30.2,61.6,24683520,70426624,3047424,1703936,36
14:22:07,32.6,61.1,25678848,73617408,3932160,2039808,36
14:22:12,29.1,61.0,25598976,73244672,4018176,1003520,36
14:22:17,29.6,60.8,26193920,75355136,5087232,1454080,36
14:22:22,30.5,60.6,29621248,84581376,8503296,974848,36
14:22:27,31.3,61.3,30191616,86341632,8642560,5914624,36
14:22:32,34.2,61.4,31660032,89225216,12537856,2633728,36
14:22:37,33.2,61.4,36901888,105472000,16330752,1449984,36
14:22:42,33.0,61.5,39766016,113760256,14340096,1220608,36
14:22:47,32.1,61.3,35665920,102007808,10551296,1781760,36
14:22:52,33.3,61.1,40124416,114933760,10874880,1540096,36
14:22:57,32.4,61.2,39744512,113593344,8458240,5537792,36
14:23:02,34.3,61.4,37240832,106782720,10027008,991232,36
14:23:07,34.7,62.0,35041280,100079616,10633216,3407872,36
14:23:12,32.4,61.9,30826496,88846336,8372224,1003520,36
14:23:17,30.9,61.8,33051648,94784512,8388608,983040,35
14:23:22,28.9,61.3,29634560,85869568,6483968,974848,35
14:23:27,31.4,62.3,31545344,91166720,4919296,5566464,35
14:23:32,34.6,62.5,32017408,91705344,5279744,1159168,35
14:23:37,44.5,59.0,3002368,8534016,8601600,1769472,35
14:23:42,57.1,58.8,26624,17408,4587520,303104,35
14:23:47,25.8,55.9,40960,15360,2371584,716800,35
14:23:52,11.3,55.1,8192,8192,831488,974848,35
14:23:57,12.1,55.5,26624,18432,1101824,5296128,35
14:24:02,15.0,56.0,14336,10240,2334720,2088960,35
14:24:07,18.4,57.0,54272,61440,34852864,2666496,35
14:24:12,21.0,56.7,16817152,48729088,1736704,991232,35
14:24:17,30.4,56.7,29053952,83603456,1474560,1605632,35
14:24:22,31.7,56.2,32109568,92643328,2752512,983040,35
14:24:27,33.1,56.8,30897152,88544256,4456448,6356992,35
14:24:32,35.3,57.0,32262144,92125184,7606272,1384448,35
14:24:37,32.2,57.1,29506560,84807680,8507392,1003520,35
14:24:42,30.3,57.1,28605440,82160640,8224768,2375680,35
14:24:47,30.8,56.9,28668928,82482176,8634368,1527808,35
14:24:52,30.8,56.5,28688384,82541568,8531968,1363968,35
14:24:57,32.0,56.7,31212544,89643008,14241792,4280320,35
14:25:02,32.1,57.3,31931392,91788288,19009536,10096640,35
14:25:07,32.2,57.9,32561152,93873152,11616256,1650688,35
14:25:12,31.2,58.0,29011968,83311616,8712192,1699840,35
14:25:17,27.4,58.0,26766336,77332480,11010048,983040,35
14:25:22,28.1,57.5,24153088,68897792,8421376,1003520,35
14:25:27,31.5,58.1,28456960,81278976,8863744,5898240,35
14:25:32,44.1,63.2,34029568,97610752,214888448,2732032,35
14:25:37,48.6,61.8,36784128,106265600,242466816,11313152,35
14:25:42,41.2,60.5,35267584,101210112,19533824,4096000,35
14:25:47,41.7,60.4,32602112,93654016,35561472,3571712,35
14:25:52,27.4,60.4,27363328,79409152,2510848,1818624,35
14:25:57,28.7,60.0,27309056,78220288,3231744,11296768,35
14:26:02,28.2,60.0,31355904,90546176,23375872,9805824,35
14:26:07,31.3,60.8,35682304,102833152,12034048,32153600,35
14:26:12,34.5,62.1,41610240,118524928,21090304,4087808,35
14:26:17,35.2,61.7,38694912,110527488,4468736,839680,35
14:26:22,34.1,63.3,34884608,100145152,6623232,4403200,35
14:26:27,32.2,62.8,32480256,93876224,105566208,8589312,35
14:26:32,35.6,65.6,35528704,102533120,67792896,3207168,34
14:26:37,29.3,67.0,33336320,95022080,4321280,2277376,34
14:26:42,30.8,64.2,30724096,88152064,3661824,1466368,34
14:26:47,29.7,63.9,30794752,88645632,2252800,3403776,34
14:26:52,29.9,63.4,29213696,84524032,28987392,1888256,34
14:26:57,34.4,64.4,31478784,90708992,167428096,8437760,34
14:27:02,31.1,64.2,31107072,89353216,21159936,2097152,34
14:27:07,31.6,68.9,29589504,84296704,21446656,5218304,34
14:27:12,39.7,66.6,33565696,95777792,44630016,8032256,34
14:27:17,32.2,68.2,30718976,88034304,21041152,4788224,34
14:27:22,43.8,69.1,27679744,79029248,164859904,5406720,34
14:27:27,36.9,68.4,30451712,87126016,114810880,12509184,34
14:27:32,26.3,68.6,25882624,73442304,5074944,1806336,34
14:27:37,23.1,68.6,23586816,67117056,4186112,1146880,34
14:27:42,23.6,68.3,26694656,75761664,1892352,2670592,34
14:27:47,23.7,67.9,27280384,77422592,303104,1818624,34
14:27:52,20.6,67.9,26346496,75243520,2957312,2539520,34
14:27:57,24.6,68.1,28930048,82309120,385024,6680576,34
14:28:02,27.0,67.7,38492160,109320192,1048576,1884160,34
14:28:07,29.6,68.0,43798528,124579840,1478656,1748992,34
14:28:12,30.7,67.8,39272448,111766528,4317184,3022848,34
14:28:17,24.9,67.8,31861760,90814464,1748992,1073152,34
14:28:22,25.4,67.2,32040960,91180032,4587520,1679360,34
14:28:27,23.0,66.8,28675072,81944576,536576,4837376,34
14:28:32,26.9,67.4,29373440,84269056,10555392,1470464,34
14:28:37,23.3,67.3,28994560,83300352,745472,1118208,34
14:28:42,31.2,68.4,32254976,92568576,2535424,2916352,34
14:28:47,31.8,67.0,41221120,118077440,1699840,2285568,34
14:28:52,29.0,65.9,40858624,116685824,2416640,2904064,34
14:28:57,27.5,65.8,33521664,95684608,2281472,5541888,34
14:29:02,26.0,67.6,31126528,88464384,4845568,2379776,34
14:29:07,30.7,68.1,26624,11264,15572992,1822720,34
14:29:12,20.2,73.6,21504,9216,24113152,1859584,34
14:29:17,17.2,73.9,10240,26624,7221248,4108288,34
14:29:22,16.9,73.4,10240,8192,1216512,974848,34
14:29:27,20.7,73.8,41984,13312,18812928,5193728,34
14:29:32,24.9,73.3,384000,530432,22421504,2650112,34
14:29:37,18.5,73.0,17408,16384,3600384,1331200,34
14:29:42,19.9,72.8,15360,13312,10375168,1380352,34
14:29:47,19.8,72.7,51200,36864,2146304,1527808,34
14:29:52,17.0,72.1,29696,7168,958464,1130496,34
14:29:57,47.6,72.4,22528,34816,75874304,6799360,34
14:30:02,25.4,72.1,13312,11264,5107712,3108864,33
14:30:07,17.3,72.1,8192,6144,1458176,1708032,33
14:30:12,20.7,71.9,9216,29696,15745024,2859008,33
14:30:17,17.1,71.9,16384,12288,430080,1306624,33
14:30:22,17.1,71.8,19456,15360,196608,946176,33
14:30:27,17.5,72.0,39936,17408,1437696,3670016,33
14:30:32,38.4,75.9,414720,571392,15986688,5128192,33
14:30:37,18.5,74.9,16384,29696,835584,3321856,33
14:30:42,18.4,75.0,28672,35840,13877248,3125248,33
14:30:47,17.3,74.9,28672,33792,2007040,1142784,33
14:30:52,16.9,74.3,27648,12288,184320,1966080,33
14:30:57,17.5,74.3,36864,18432,1134592,4149248,33
14:31:02,17.9,74.0,10240,7168,958464,3190784,33
14:31:07,32.8,68.5,51200,17408,10649600,1593344,33
14:31:12,45.5,78.6,18432,9216,4272128,2793472,33
14:31:17,39.8,81.6,11264,10240,7024640,20643840,33
14:31:22,18.2,58.5,14336,9216,5660672,978944,33
14:31:27,5.2,58.7,22528,14336,954368,5337088,33
14:31:32,16.8,58.0,496640,714752,5287936,1191936,33
14:31:37,6.8,58.0,51200,48128,811008,1220608,33
14:31:43,5.0,58.0,24576,27648,3604480,1175552,33
14:31:48,5.1,58.0,23552,28672,368640,1003520,33
14:31:53,4.8,57.4,11264,9216,462848,1118208,33
14:31:58,7.3,57.0,26624,24576,1683456,5337088,33
14:32:03,9.5,56.2,114688,137216,13627392,1531904,33
14:32:08,5.0,56.3,37888,47104,622592,978944,33
14:32:13,8.7,57.1,8192,5120,1703936,2621440,33
14:32:18,4.5,57.1,29696,9216,69632,974848,33
14:32:23,4.3,56.8,13312,12288,790528,1130496,33
14:32:28,5.1,56.6,41984,13312,335872,7147520,33
14:32:33,8.1,57.0,242688,325632,4972544,1736704,33
14:32:38,5.8,57.2,22528,23552,581632,2314240,33
14:32:43,6.1,57.2,56320,26624,3649536,1712128,33
14:32:48,4.5,57.4,21504,24576,1966080,974848,33
14:32:53,4.4,56.9,21504,14336,454656,729088,33
14:32:58,5.7,57.0,20480,18432,499712,5156864,33
14:33:03,5.1,56.6,8192,7168,610304,2281472,33
14:33:08,4.6,56.7,24576,12288,819200,1667072,33
